.NET開発テクノロジ入門 2014年版(MSDNプログラミングシリーズ),小高 太郎,0
10日でおぼえるASP.NET 3.5入門教室,山田 祥寛,0
10日でおぼえるjQuery入門教室 :第2版,山田 祥寛,0
10日でおぼえるJSP&サーブレット入門教室 :第4版,山田 祥寛,0
10日でおぼえるPHP入門教室 :第4版,山田 祥寛,0
真・英文法大全 700万人を教えた著者が英語の核心を伝える,関 正生,1
世界一わかりやすい英語の勉強法,関 正生,1
関正生のThe Rules英語長文問題集 大学入試 1 入試基礎,関 正生,1
関正生の英語長文ポラリス 大学入試問題集 1 標準レベル,関 正生,1
世界一わかりやすい英文法の授業 カラー改訂版,関 正生,1
新体系・大学数学入門の教科書 上,芳沢 光雄,2
新体系・大学数学入門の教科書 下,芳沢 光雄,2
離散数学入門 整数の誕生から「無限」まで,芳沢 光雄,2
生き抜くための高校数学 高校数学の全範囲の基礎が完璧にわかる本,芳沢 光雄,2
群論入門 対称性をはかる数学,芳沢 光雄,2
目に見える世界は幻想か？ 物理学の思考法,松原 隆彦,3
日常の不思議を物理学で知る 文系でもよくわかる,松原 隆彦,3
宇宙は無限か有限か,松原 隆彦,3
相対性理論 図解苦手を“おもしろい”に変える! 大人になってからもう一度受けたい授業,松原 隆彦,3
世界の仕組みを物理学で知る 文系でもよくわかる,松原 隆彦,3
マンガと図鑑でおもしろい！わかる元素の本,左巻 健男,4
こんなに変わった理科教科書,左巻 健男,4
世界史は化学でできている 絶対に面白い化学入門,左巻 健男,4
学校では教えてくれないヤバい科学図鑑,左巻 健男,4
面白くて眠れなくなる理科,左巻 健男,4
日本一詳しい 大学入試完全網羅 生物基礎・生物のすべて,大森 徹,5
大学入学共通テスト 生物基礎が1冊でしっかりわかる本,大森 徹,5
高校の生物基礎が1冊でしっかりわかる本,大森 徹,5
大学受験Doシリーズ 大森徹の生物 実験・考察問題の解法,大森 徹,5
大森徹の「究極パネル式」生物基礎,大森 徹,5